{
  "dataset_index": 892,
  "true_class": "horse",
  "pred_class": "horse",
  "confidence": 0.9886427521705627,
  "deletion_auc": 0.2818580191787696,
  "insertion_auc": 0.5443156955203345,
  "deletion_curve": {
    "fractions": [
      0.0,
      0.05000000074505806,
      0.10000000149011612,
      0.15000000596046448,
      0.20000000298023224,
      0.25,
      0.30000001192092896,
      0.3499999940395355,
      0.4000000059604645,
      0.44999998807907104,
      0.5,
      0.550000011920929,
      0.6000000238418579,
      0.6499999761581421,
      0.699999988079071,
      0.75,
      0.800000011920929,
      0.8500000238418579,
      0.8999999761581421,
      0.949999988079071,
      1.0
    ],
    "scores": [
      0.9886427521705627,
      0.977390468120575,
      0.6967481374740601,
      0.9195219874382019,
      0.8671882748603821,
      0.37681883573532104,
      0.2023954540491104,
      0.1412668079137802,
      0.09356467425823212,
      0.07055198401212692,
      0.18169380724430084,
      0.17149357497692108,
      0.0806485190987587,
      0.036285631358623505,
      0.04293503984808922,
      0.02705490216612816,
      0.08234573155641556,
      0.06122136488556862,
      0.04238509759306908,
      0.04682053253054619,
      0.04901620000600815
    ],
    "pixel_counts": [
      0,
      2509,
      5018,
      7526,
      10035,
      12544,
      15053,
      17562,
      20070,
      22579,
      25088,
      27597,
      30106,
      32614,
      35123,
      37632,
      40141,
      42650,
      45158,
      47667,
      50176
    ],
    "class_idx": 7,
    "baseline": "zero"
  },
  "insertion_curve": {
    "fractions": [
      0.0,
      0.05000000074505806,
      0.10000000149011612,
      0.15000000596046448,
      0.20000000298023224,
      0.25,
      0.30000001192092896,
      0.3499999940395355,
      0.4000000059604645,
      0.44999998807907104,
      0.5,
      0.550000011920929,
      0.6000000238418579,
      0.6499999761581421,
      0.699999988079071,
      0.75,
      0.800000011920929,
      0.8500000238418579,
      0.8999999761581421,
      0.949999988079071,
      1.0
    ],
    "scores": [
      0.049016207456588745,
      0.07134131342172623,
      0.04167155921459198,
      0.11716729402542114,
      0.2259349822998047,
      0.15866443514823914,
      0.41185837984085083,
      0.5719749927520752,
      0.6952318549156189,
      0.440522164106369,
      0.7155360579490662,
      0.5714930891990662,
      0.6126705408096313,
      0.7704745531082153,
      0.6241073608398438,
      0.6126744151115417,
      0.8031309247016907,
      0.9606936573982239,
      0.9759861826896667,
      0.9863508343696594,
      0.9886427521705627
    ],
    "pixel_counts": [
      0,
      2509,
      5018,
      7526,
      10035,
      12544,
      15053,
      17562,
      20070,
      22579,
      25088,
      27597,
      30106,
      32614,
      35123,
      37632,
      40141,
      42650,
      45158,
      47667,
      50176
    ],
    "class_idx": 7,
    "baseline": "zero"
  }
}