{
  "dataset_index": 7738,
  "true_class": "bird",
  "pred_class": "dog",
  "confidence": 0.3543255031108856,
  "deletion_auc": 0.1773701579767276,
  "insertion_auc": 0.2662935304595411,
  "deletion_curve": {
    "fractions": [
      0.0,
      0.05000000074505806,
      0.10000000149011612,
      0.15000000596046448,
      0.20000000298023224,
      0.25,
      0.30000001192092896,
      0.3499999940395355,
      0.4000000059604645,
      0.44999998807907104,
      0.5,
      0.550000011920929,
      0.6000000238418579,
      0.6499999761581421,
      0.699999988079071,
      0.75,
      0.800000011920929,
      0.8500000238418579,
      0.8999999761581421,
      0.949999988079071,
      1.0
    ],
    "scores": [
      0.35432538390159607,
      0.1877780556678772,
      0.24815286695957184,
      0.22246359288692474,
      0.2524527609348297,
      0.13137657940387726,
      0.21229524910449982,
      0.0685531497001648,
      0.23445701599121094,
      0.21921299397945404,
      0.4199643135070801,
      0.29697751998901367,
      0.19406874477863312,
      0.2020513117313385,
      0.04463374614715576,
      0.052532538771629333,
      0.053405992686748505,
      0.08762795478105545,
      0.09389975666999817,
      0.10528913140296936,
      0.08609436452388763
    ],
    "pixel_counts": [
      0,
      2509,
      5018,
      7526,
      10035,
      12544,
      15053,
      17562,
      20070,
      22579,
      25088,
      27597,
      30106,
      32614,
      35123,
      37632,
      40141,
      42650,
      45158,
      47667,
      50176
    ],
    "class_idx": 5,
    "baseline": "zero"
  },
  "insertion_curve": {
    "fractions": [
      0.0,
      0.05000000074505806,
      0.10000000149011612,
      0.15000000596046448,
      0.20000000298023224,
      0.25,
      0.30000001192092896,
      0.3499999940395355,
      0.4000000059604645,
      0.44999998807907104,
      0.5,
      0.550000011920929,
      0.6000000238418579,
      0.6499999761581421,
      0.699999988079071,
      0.75,
      0.800000011920929,
      0.8500000238418579,
      0.8999999761581421,
      0.949999988079071,
      1.0
    ],
    "scores": [
      0.08609436452388763,
      0.0721479207277298,
      0.20615901052951813,
      0.32607343792915344,
      0.4842192828655243,
      0.19740094244480133,
      0.27071306109428406,
      0.237345352768898,
      0.17430175840854645,
      0.20268386602401733,
      0.15632207691669464,
      0.3435444235801697,
      0.42402446269989014,
      0.4694245457649231,
      0.20467644929885864,
      0.24354536831378937,
      0.2032189518213272,
      0.2781170606613159,
      0.2725553512573242,
      0.3391876220703125,
      0.3543252944946289
    ],
    "pixel_counts": [
      0,
      2509,
      5018,
      7526,
      10035,
      12544,
      15053,
      17562,
      20070,
      22579,
      25088,
      27597,
      30106,
      32614,
      35123,
      37632,
      40141,
      42650,
      45158,
      47667,
      50176
    ],
    "class_idx": 5,
    "baseline": "zero"
  }
}