{
  "dataset_index": 6545,
  "true_class": "truck",
  "pred_class": "truck",
  "confidence": 0.9872633814811707,
  "deletion_auc": 0.4871526517906756,
  "insertion_auc": 0.6568795327575317,
  "deletion_curve": {
    "fractions": [
      0.0,
      0.05000000074505806,
      0.10000000149011612,
      0.15000000596046448,
      0.20000000298023224,
      0.25,
      0.30000001192092896,
      0.3499999940395355,
      0.4000000059604645,
      0.44999998807907104,
      0.5,
      0.550000011920929,
      0.6000000238418579,
      0.6499999761581421,
      0.699999988079071,
      0.75,
      0.800000011920929,
      0.8500000238418579,
      0.8999999761581421,
      0.949999988079071,
      1.0
    ],
    "scores": [
      0.9872632622718811,
      0.9333008527755737,
      0.9336053133010864,
      0.7666298747062683,
      0.9735233187675476,
      0.7454290390014648,
      0.3539038598537445,
      0.20781783759593964,
      0.22489401698112488,
      0.17064903676509857,
      0.29115810990333557,
      0.09677166491746902,
      0.3825271427631378,
      0.4188162088394165,
      0.5854864716529846,
      0.3367087244987488,
      0.4430355429649353,
      0.45491519570350647,
      0.4154939353466034,
      0.46524688601493835,
      0.09901679307222366
    ],
    "pixel_counts": [
      0,
      2509,
      5018,
      7526,
      10035,
      12544,
      15053,
      17562,
      20070,
      22579,
      25088,
      27597,
      30106,
      32614,
      35123,
      37632,
      40141,
      42650,
      45158,
      47667,
      50176
    ],
    "class_idx": 9,
    "baseline": "zero"
  },
  "insertion_curve": {
    "fractions": [
      0.0,
      0.05000000074505806,
      0.10000000149011612,
      0.15000000596046448,
      0.20000000298023224,
      0.25,
      0.30000001192092896,
      0.3499999940395355,
      0.4000000059604645,
      0.44999998807907104,
      0.5,
      0.550000011920929,
      0.6000000238418579,
      0.6499999761581421,
      0.699999988079071,
      0.75,
      0.800000011920929,
      0.8500000238418579,
      0.8999999761581421,
      0.949999988079071,
      1.0
    ],
    "scores": [
      0.09901677817106247,
      0.11957185715436935,
      0.26315101981163025,
      0.1897953897714615,
      0.26811483502388,
      0.44439154863357544,
      0.19319646060466766,
      0.07260248810052872,
      0.5174944400787354,
      0.6698994040489197,
      0.9837814569473267,
      0.9766035079956055,
      0.9791575074195862,
      0.9874891638755798,
      0.9860888123512268,
      0.992649257183075,
      0.9899800419807434,
      0.9896073937416077,
      0.9898630380630493,
      0.9810130000114441,
      0.9872631430625916
    ],
    "pixel_counts": [
      0,
      2509,
      5018,
      7526,
      10035,
      12544,
      15053,
      17562,
      20070,
      22579,
      25088,
      27597,
      30106,
      32614,
      35123,
      37632,
      40141,
      42650,
      45158,
      47667,
      50176
    ],
    "class_idx": 9,
    "baseline": "zero"
  }
}