{
  "dataset_index": 7738,
  "true_class": "bird",
  "pred_class": "dog",
  "confidence": 0.3543255031108856,
  "deletion_auc": 0.30261785378143835,
  "insertion_auc": 0.20658461890453322,
  "deletion_curve": {
    "fractions": [
      0.0,
      0.05000000074505806,
      0.10000000149011612,
      0.15000000596046448,
      0.20000000298023224,
      0.25,
      0.30000001192092896,
      0.3499999940395355,
      0.4000000059604645,
      0.44999998807907104,
      0.5,
      0.550000011920929,
      0.6000000238418579,
      0.6499999761581421,
      0.699999988079071,
      0.75,
      0.800000011920929,
      0.8500000238418579,
      0.8999999761581421,
      0.949999988079071,
      1.0
    ],
    "scores": [
      0.35432538390159607,
      0.2434701919555664,
      0.13246601819992065,
      0.0506662093102932,
      0.04018038511276245,
      0.12502093613147736,
      0.17657671868801117,
      0.15183104574680328,
      0.28340011835098267,
      0.46580052375793457,
      0.9008926749229431,
      0.6491578817367554,
      0.8604503870010376,
      0.6708850264549255,
      0.22830846905708313,
      0.17275181412696838,
      0.23064909875392914,
      0.22801336646080017,
      0.13786648213863373,
      0.08376002311706543,
      0.08609436452388763
    ],
    "pixel_counts": [
      0,
      2509,
      5018,
      7526,
      10035,
      12544,
      15053,
      17562,
      20070,
      22579,
      25088,
      27597,
      30106,
      32614,
      35123,
      37632,
      40141,
      42650,
      45158,
      47667,
      50176
    ],
    "class_idx": 5,
    "baseline": "zero"
  },
  "insertion_curve": {
    "fractions": [
      0.0,
      0.05000000074505806,
      0.10000000149011612,
      0.15000000596046448,
      0.20000000298023224,
      0.25,
      0.30000001192092896,
      0.3499999940395355,
      0.4000000059604645,
      0.44999998807907104,
      0.5,
      0.550000011920929,
      0.6000000238418579,
      0.6499999761581421,
      0.699999988079071,
      0.75,
      0.800000011920929,
      0.8500000238418579,
      0.8999999761581421,
      0.949999988079071,
      1.0
    ],
    "scores": [
      0.08609436452388763,
      0.035685714334249496,
      0.061125267297029495,
      0.18527786433696747,
      0.4380228519439697,
      0.1669624149799347,
      0.1913715898990631,
      0.15159684419631958,
      0.20385544002056122,
      0.3049270212650299,
      0.2739434242248535,
      0.235632985830307,
      0.30854031443595886,
      0.28644850850105286,
      0.17999166250228882,
      0.22313708066940308,
      0.22355881333351135,
      0.13534250855445862,
      0.13283438980579376,
      0.17322786152362823,
      0.3543252944946289
    ],
    "pixel_counts": [
      0,
      2509,
      5018,
      7526,
      10035,
      12544,
      15053,
      17562,
      20070,
      22579,
      25088,
      27597,
      30106,
      32614,
      35123,
      37632,
      40141,
      42650,
      45158,
      47667,
      50176
    ],
    "class_idx": 5,
    "baseline": "zero"
  }
}