{
  "dataset_index": 892,
  "true_class": "horse",
  "pred_class": "horse",
  "confidence": 0.9886427521705627,
  "deletion_auc": 0.5029620728171273,
  "insertion_auc": 0.5293738113237544,
  "deletion_curve": {
    "fractions": [
      0.0,
      0.05000000074505806,
      0.10000000149011612,
      0.15000000596046448,
      0.20000000298023224,
      0.25,
      0.30000001192092896,
      0.3499999940395355,
      0.4000000059604645,
      0.44999998807907104,
      0.5,
      0.550000011920929,
      0.6000000238418579,
      0.6499999761581421,
      0.699999988079071,
      0.75,
      0.800000011920929,
      0.8500000238418579,
      0.8999999761581421,
      0.949999988079071,
      1.0
    ],
    "scores": [
      0.9886427521705627,
      0.9118344783782959,
      0.8841833472251892,
      0.9281733632087708,
      0.9460989236831665,
      0.9322972297668457,
      0.8597843647003174,
      0.603035569190979,
      0.44910910725593567,
      0.4617728590965271,
      0.26581329107284546,
      0.220439612865448,
      0.41422176361083984,
      0.41658976674079895,
      0.3570224344730377,
      0.32502779364585876,
      0.18480584025382996,
      0.08958622813224792,
      0.21897204220294952,
      0.07164406031370163,
      0.04901620000600815
    ],
    "pixel_counts": [
      0,
      2509,
      5018,
      7526,
      10035,
      12544,
      15053,
      17562,
      20070,
      22579,
      25088,
      27597,
      30106,
      32614,
      35123,
      37632,
      40141,
      42650,
      45158,
      47667,
      50176
    ],
    "class_idx": 7,
    "baseline": "zero"
  },
  "insertion_curve": {
    "fractions": [
      0.0,
      0.05000000074505806,
      0.10000000149011612,
      0.15000000596046448,
      0.20000000298023224,
      0.25,
      0.30000001192092896,
      0.3499999940395355,
      0.4000000059604645,
      0.44999998807907104,
      0.5,
      0.550000011920929,
      0.6000000238418579,
      0.6499999761581421,
      0.699999988079071,
      0.75,
      0.800000011920929,
      0.8500000238418579,
      0.8999999761581421,
      0.949999988079071,
      1.0
    ],
    "scores": [
      0.049016207456588745,
      0.5083853602409363,
      0.36384040117263794,
      0.2234601527452469,
      0.28676438331604004,
      0.4723457992076874,
      0.5136142373085022,
      0.3053630292415619,
      0.24592502415180206,
      0.19122597575187683,
      0.23641052842140198,
      0.33018040657043457,
      0.5413440465927124,
      0.7314711809158325,
      0.7608402967453003,
      0.8369387984275818,
      0.7474615573883057,
      0.848987340927124,
      0.9466786980628967,
      0.9774096012115479,
      0.9886427521705627
    ],
    "pixel_counts": [
      0,
      2509,
      5018,
      7526,
      10035,
      12544,
      15053,
      17562,
      20070,
      22579,
      25088,
      27597,
      30106,
      32614,
      35123,
      37632,
      40141,
      42650,
      45158,
      47667,
      50176
    ],
    "class_idx": 7,
    "baseline": "zero"
  }
}