{
  "dataset_index": 6545,
  "true_class": "truck",
  "pred_class": "truck",
  "confidence": 0.9872633814811707,
  "deletion_auc": 0.27917826221074354,
  "insertion_auc": 0.32480074017437555,
  "deletion_curve": {
    "fractions": [
      0.0,
      0.05000000074505806,
      0.10000000149011612,
      0.15000000596046448,
      0.20000000298023224,
      0.25,
      0.30000001192092896,
      0.3499999940395355,
      0.4000000059604645,
      0.44999998807907104,
      0.5,
      0.550000011920929,
      0.6000000238418579,
      0.6499999761581421,
      0.699999988079071,
      0.75,
      0.800000011920929,
      0.8500000238418579,
      0.8999999761581421,
      0.949999988079071,
      1.0
    ],
    "scores": [
      0.9872632622718811,
      0.8641799688339233,
      0.4840475022792816,
      0.4726012051105499,
      0.37564247846603394,
      0.609037458896637,
      0.33558082580566406,
      0.24609215557575226,
      0.2337055802345276,
      0.39856255054473877,
      0.1768674999475479,
      0.19026504456996918,
      0.14335772395133972,
      0.13156165182590485,
      0.05758947879076004,
      0.08207792043685913,
      0.06971395760774612,
      0.07888510823249817,
      0.048422232270240784,
      0.04223484545946121,
      0.09901679307222366
    ],
    "pixel_counts": [
      0,
      2509,
      5018,
      7526,
      10035,
      12544,
      15053,
      17562,
      20070,
      22579,
      25088,
      27597,
      30106,
      32614,
      35123,
      37632,
      40141,
      42650,
      45158,
      47667,
      50176
    ],
    "class_idx": 9,
    "baseline": "zero"
  },
  "insertion_curve": {
    "fractions": [
      0.0,
      0.05000000074505806,
      0.10000000149011612,
      0.15000000596046448,
      0.20000000298023224,
      0.25,
      0.30000001192092896,
      0.3499999940395355,
      0.4000000059604645,
      0.44999998807907104,
      0.5,
      0.550000011920929,
      0.6000000238418579,
      0.6499999761581421,
      0.699999988079071,
      0.75,
      0.800000011920929,
      0.8500000238418579,
      0.8999999761581421,
      0.949999988079071,
      1.0
    ],
    "scores": [
      0.09901677817106247,
      0.12125837057828903,
      0.14239507913589478,
      0.06088447943329811,
      0.10310231149196625,
      0.1055791974067688,
      0.15320855379104614,
      0.11411009728908539,
      0.13961835205554962,
      0.22533012926578522,
      0.20476622879505157,
      0.4517141878604889,
      0.21492119133472443,
      0.3222958445549011,
      0.42771610617637634,
      0.4897848665714264,
      0.686874508857727,
      0.7022513747215271,
      0.5212594866752625,
      0.7658042907714844,
      0.9872631430625916
    ],
    "pixel_counts": [
      0,
      2509,
      5018,
      7526,
      10035,
      12544,
      15053,
      17562,
      20070,
      22579,
      25088,
      27597,
      30106,
      32614,
      35123,
      37632,
      40141,
      42650,
      45158,
      47667,
      50176
    ],
    "class_idx": 9,
    "baseline": "zero"
  }
}