{
  "dataset_index": 6545,
  "predicted_class": 9,
  "noise": {
    "correlation_mean": 0.06734369695186615,
    "correlation_std": 0.004666980355978012,
    "topk_iou_mean": 0.024503253400325775,
    "topk_iou_std": 0.0018825093284249306,
    "noise_std": 0.05,
    "repeats": 2,
    "mode": "noise",
    "raw": [
      {
        "perturbation_seed": 42,
        "correlation": 0.06267672012302868,
        "topk_iou": 0.026385763959910002
      },
      {
        "perturbation_seed": 43,
        "correlation": 0.07201068030771261,
        "topk_iou": 0.022620745873242306
      }
    ]
  },
  "seed_variation": {
    "correlation_mean": 1.0,
    "correlation_std": 0.0,
    "topk_iou_mean": 1.0,
    "topk_iou_std": 0.0,
    "seeds": [
      42,
      43,
      44
    ],
    "mode": "seed_variation",
    "raw": [
      {
        "seed_a": 42,
        "seed_b": 43,
        "correlation": 1.0,
        "topk_iou": 1.0
      },
      {
        "seed_a": 42,
        "seed_b": 44,
        "correlation": 1.0,
        "topk_iou": 1.0
      },
      {
        "seed_a": 43,
        "seed_b": 44,
        "correlation": 1.0,
        "topk_iou": 1.0
      }
    ]
  },
  "combined": {
    "correlation_mean": 0.6269375085830688,
    "correlation_std": 0.456915944814682,
    "topk_iou_mean": 0.6098012924194336,
    "topk_iou_std": 0.4778953492641449
  }
}