{
  "dataset_index": 6545,
  "predicted_class": 9,
  "noise": {
    "correlation_mean": 0.17713183164596558,
    "correlation_std": 0.015331439673900604,
    "topk_iou_mean": 0.0,
    "topk_iou_std": 0.0,
    "noise_std": 0.05,
    "repeats": 2,
    "mode": "noise",
    "raw": [
      {
        "perturbation_seed": 42,
        "correlation": 0.16180039556190373,
        "topk_iou": 0.0
      },
      {
        "perturbation_seed": 43,
        "correlation": 0.19246327768812,
        "topk_iou": 0.0
      }
    ]
  },
  "seed_variation": {
    "correlation_mean": 0.1293381154537201,
    "correlation_std": 0.06942177563905716,
    "topk_iou_mean": 0.05198495090007782,
    "topk_iou_std": 0.0735178142786026,
    "seeds": [
      42,
      43,
      44
    ],
    "mode": "seed_variation",
    "raw": [
      {
        "seed_a": 42,
        "seed_b": 43,
        "correlation": 0.1962861861863083,
        "topk_iou": 0.0
      },
      {
        "seed_a": 42,
        "seed_b": 44,
        "correlation": 0.03367452192313851,
        "topk_iou": 0.0
      },
      {
        "seed_a": 43,
        "seed_b": 44,
        "correlation": 0.15805363568044536,
        "topk_iou": 0.15595484911310759
      }
    ]
  },
  "combined": {
    "correlation_mean": 0.14845560491085052,
    "correlation_std": 0.05944634974002838,
    "topk_iou_mean": 0.031190970912575722,
    "topk_iou_std": 0.062381941825151443
  }
}