{
  "dataset_index": 7738,
  "true_class": "bird",
  "pred_class": "dog",
  "confidence": 0.3543255031108856,
  "deletion_auc": 0.23095324577026086,
  "insertion_auc": 0.2422987602014809,
  "deletion_curve": {
    "fractions": [
      0.0,
      0.05000000074505806,
      0.10000000149011612,
      0.15000000596046448,
      0.20000000298023224,
      0.25,
      0.30000001192092896,
      0.3499999940395355,
      0.4000000059604645,
      0.44999998807907104,
      0.5,
      0.550000011920929,
      0.6000000238418579,
      0.6499999761581421,
      0.699999988079071,
      0.75,
      0.800000011920929,
      0.8500000238418579,
      0.8999999761581421,
      0.949999988079071,
      1.0
    ],
    "scores": [
      0.35432538390159607,
      0.2229369431734085,
      0.1932138204574585,
      0.08595340698957443,
      0.09224317967891693,
      0.18026679754257202,
      0.31189239025115967,
      0.38289928436279297,
      0.3958466947078705,
      0.44324180483818054,
      0.348366379737854,
      0.20810699462890625,
      0.261514276266098,
      0.252626895904541,
      0.2261144369840622,
      0.1887369006872177,
      0.13999785482883453,
      0.1869840919971466,
      0.16534563899040222,
      0.11256732046604156,
      0.08609436452388763
    ],
    "pixel_counts": [
      0,
      2509,
      5018,
      7526,
      10035,
      12544,
      15053,
      17562,
      20070,
      22579,
      25088,
      27597,
      30106,
      32614,
      35123,
      37632,
      40141,
      42650,
      45158,
      47667,
      50176
    ],
    "class_idx": 5,
    "baseline": "zero"
  },
  "insertion_curve": {
    "fractions": [
      0.0,
      0.05000000074505806,
      0.10000000149011612,
      0.15000000596046448,
      0.20000000298023224,
      0.25,
      0.30000001192092896,
      0.3499999940395355,
      0.4000000059604645,
      0.44999998807907104,
      0.5,
      0.550000011920929,
      0.6000000238418579,
      0.6499999761581421,
      0.699999988079071,
      0.75,
      0.800000011920929,
      0.8500000238418579,
      0.8999999761581421,
      0.949999988079071,
      1.0
    ],
    "scores": [
      0.08609436452388763,
      0.05261582136154175,
      0.051707614213228226,
      0.0690375342965126,
      0.09756860136985779,
      0.1343974620103836,
      0.21337303519248962,
      0.4690284729003906,
      0.7776075601577759,
      0.5216202735900879,
      0.3035166263580322,
      0.35749176144599915,
      0.2598091661930084,
      0.2635238766670227,
      0.21379198133945465,
      0.23470591008663177,
      0.19101248681545258,
      0.12792566418647766,
      0.1443968117237091,
      0.14263471961021423,
      0.3543252944946289
    ],
    "pixel_counts": [
      0,
      2509,
      5018,
      7526,
      10035,
      12544,
      15053,
      17562,
      20070,
      22579,
      25088,
      27597,
      30106,
      32614,
      35123,
      37632,
      40141,
      42650,
      45158,
      47667,
      50176
    ],
    "class_idx": 5,
    "baseline": "zero"
  }
}