{
  "dataset_index": 6545,
  "true_class": "truck",
  "pred_class": "truck",
  "confidence": 0.9872633814811707,
  "deletion_auc": 0.24317565391619245,
  "insertion_auc": 0.2631359523066875,
  "deletion_curve": {
    "fractions": [
      0.0,
      0.05000000074505806,
      0.10000000149011612,
      0.15000000596046448,
      0.20000000298023224,
      0.25,
      0.30000001192092896,
      0.3499999940395355,
      0.4000000059604645,
      0.44999998807907104,
      0.5,
      0.550000011920929,
      0.6000000238418579,
      0.6499999761581421,
      0.699999988079071,
      0.75,
      0.800000011920929,
      0.8500000238418579,
      0.8999999761581421,
      0.949999988079071,
      1.0
    ],
    "scores": [
      0.9872632622718811,
      0.8144641518592834,
      0.6653208136558533,
      0.5523797273635864,
      0.3494197428226471,
      0.14657296240329742,
      0.09671273827552795,
      0.12325205653905869,
      0.05235465615987778,
      0.09042120724916458,
      0.11507123708724976,
      0.26765742897987366,
      0.25455641746520996,
      0.20771414041519165,
      0.13679181039333344,
      0.10308121889829636,
      0.11870471388101578,
      0.10261532664299011,
      0.05756841599941254,
      0.0657142698764801,
      0.09901679307222366
    ],
    "pixel_counts": [
      0,
      2509,
      5018,
      7526,
      10035,
      12544,
      15053,
      17562,
      20070,
      22579,
      25088,
      27597,
      30106,
      32614,
      35123,
      37632,
      40141,
      42650,
      45158,
      47667,
      50176
    ],
    "class_idx": 9,
    "baseline": "zero"
  },
  "insertion_curve": {
    "fractions": [
      0.0,
      0.05000000074505806,
      0.10000000149011612,
      0.15000000596046448,
      0.20000000298023224,
      0.25,
      0.30000001192092896,
      0.3499999940395355,
      0.4000000059604645,
      0.44999998807907104,
      0.5,
      0.550000011920929,
      0.6000000238418579,
      0.6499999761581421,
      0.699999988079071,
      0.75,
      0.800000011920929,
      0.8500000238418579,
      0.8999999761581421,
      0.949999988079071,
      1.0
    ],
    "scores": [
      0.09901677817106247,
      0.06866546720266342,
      0.08972058445215225,
      0.1641353964805603,
      0.1848609298467636,
      0.09748494625091553,
      0.13156335055828094,
      0.1589760035276413,
      0.12388326972723007,
      0.17475496232509613,
      0.19178397953510284,
      0.3487618565559387,
      0.15143923461437225,
      0.10992229729890823,
      0.12422417104244232,
      0.1977190375328064,
      0.3000001609325409,
      0.6848925948143005,
      0.5138593316078186,
      0.9029314517974854,
      0.9872631430625916
    ],
    "pixel_counts": [
      0,
      2509,
      5018,
      7526,
      10035,
      12544,
      15053,
      17562,
      20070,
      22579,
      25088,
      27597,
      30106,
      32614,
      35123,
      37632,
      40141,
      42650,
      45158,
      47667,
      50176
    ],
    "class_idx": 9,
    "baseline": "zero"
  }
}