{
  "dataset_index": 892,
  "true_class": "horse",
  "pred_class": "horse",
  "confidence": 0.9886427521705627,
  "deletion_auc": 0.3051989692197523,
  "insertion_auc": 0.5483790395455266,
  "deletion_curve": {
    "fractions": [
      0.0,
      0.05000000074505806,
      0.10000000149011612,
      0.15000000596046448,
      0.20000000298023224,
      0.25,
      0.30000001192092896,
      0.3499999940395355,
      0.4000000059604645,
      0.44999998807907104,
      0.5,
      0.550000011920929,
      0.6000000238418579,
      0.6499999761581421,
      0.699999988079071,
      0.75,
      0.800000011920929,
      0.8500000238418579,
      0.8999999761581421,
      0.949999988079071,
      1.0
    ],
    "scores": [
      0.9886427521705627,
      0.8356648087501526,
      0.6601951122283936,
      0.5850595831871033,
      0.4726443886756897,
      0.47419971227645874,
      0.5127387642860413,
      0.3965540826320648,
      0.1814824342727661,
      0.16948944330215454,
      0.12694358825683594,
      0.08274208754301071,
      0.10425303131341934,
      0.15235929191112518,
      0.19732311367988586,
      0.25841233134269714,
      0.12043321132659912,
      0.14422288537025452,
      0.047144632786512375,
      0.06328735500574112,
      0.04901620000600815
    ],
    "pixel_counts": [
      0,
      2509,
      5018,
      7526,
      10035,
      12544,
      15053,
      17562,
      20070,
      22579,
      25088,
      27597,
      30106,
      32614,
      35123,
      37632,
      40141,
      42650,
      45158,
      47667,
      50176
    ],
    "class_idx": 7,
    "baseline": "zero"
  },
  "insertion_curve": {
    "fractions": [
      0.0,
      0.05000000074505806,
      0.10000000149011612,
      0.15000000596046448,
      0.20000000298023224,
      0.25,
      0.30000001192092896,
      0.3499999940395355,
      0.4000000059604645,
      0.44999998807907104,
      0.5,
      0.550000011920929,
      0.6000000238418579,
      0.6499999761581421,
      0.699999988079071,
      0.75,
      0.800000011920929,
      0.8500000238418579,
      0.8999999761581421,
      0.949999988079071,
      1.0
    ],
    "scores": [
      0.049016207456588745,
      0.285892516374588,
      0.6519937515258789,
      0.5411915183067322,
      0.6618942022323608,
      0.4676603078842163,
      0.6935278177261353,
      0.7805953025817871,
      0.29182538390159607,
      0.3657311201095581,
      0.25888514518737793,
      0.1715206652879715,
      0.24246101081371307,
      0.36102867126464844,
      0.6861065030097961,
      0.7426279783248901,
      0.6303903460502625,
      0.800798237323761,
      0.8782916069030762,
      0.936329185962677,
      0.9886427521705627
    ],
    "pixel_counts": [
      0,
      2509,
      5018,
      7526,
      10035,
      12544,
      15053,
      17562,
      20070,
      22579,
      25088,
      27597,
      30106,
      32614,
      35123,
      37632,
      40141,
      42650,
      45158,
      47667,
      50176
    ],
    "class_idx": 7,
    "baseline": "zero"
  }
}